,ID,var3,var15,imp_ent_var16_ult1,imp_op_var39_comer_ult1,imp_op_var39_comer_ult3,imp_op_var40_comer_ult1,imp_op_var40_comer_ult3,imp_op_var40_efect_ult1,imp_op_var40_efect_ult3,imp_op_var40_ult1,imp_op_var41_comer_ult1,imp_op_var41_comer_ult3,imp_op_var41_efect_ult1,imp_op_var41_efect_ult3,imp_op_var41_ult1,imp_op_var39_efect_ult1,imp_op_var39_efect_ult3,imp_op_var39_ult1,imp_sal_var16_ult1,ind_var1_0,ind_var1,ind_var2_0,ind_var2,ind_var5_0,ind_var5,ind_var6_0,ind_var6,ind_var8_0,ind_var8,ind_var12_0,ind_var12,ind_var13_0,ind_var13_corto_0,ind_var13_corto,ind_var13_largo_0,ind_var13_largo,ind_var13_medio_0,ind_var13_medio,ind_var13,ind_var14_0,ind_var14,ind_var17_0,ind_var17,ind_var18_0,ind_var18,ind_var19,ind_var20_0,ind_var20,ind_var24_0,ind_var24,ind_var25_cte,ind_var26_0,ind_var26_cte,ind_var26,ind_var25_0,ind_var25,ind_var27_0,ind_var28_0,ind_var28,ind_var27,ind_var29_0,ind_var29,ind_var30_0,ind_var30,ind_var31_0,ind_var31,ind_var32_cte,ind_var32_0,ind_var32,ind_var33_0,ind_var33,ind_var34_0,ind_var34,ind_var37_cte,ind_var37_0,ind_var37,ind_var39_0,ind_var40_0,ind_var40,ind_var41_0,ind_var41,ind_var39,ind_var44_0,ind_var44,ind_var46_0,ind_var46,num_var1_0,num_var1,num_var4,num_var5_0,num_var5,num_var6_0,num_var6,num_var8_0,num_var8,num_var12_0,num_var12,num_var13_0,num_var13_corto_0,num_var13_corto,num_var13_largo_0,num_var13_largo,num_var13_medio_0,num_var13_medio,num_var13,num_var14_0,num_var14,num_var17_0,num_var17,num_var18_0,num_var18,num_var20_0,num_var20,num_var24_0,num_var24,num_var26_0,num_var26,num_var25_0,num_var25,num_op_var40_hace2,num_op_var40_hace3,num_op_var40_ult1,num_op_var40_ult3,num_op_var41_hace2,num_op_var41_hace3,num_op_var41_ult1,num_op_var41_ult3,num_op_var39_hace2,num_op_var39_hace3,num_op_var39_ult1,num_op_var39_ult3,num_var27_0,num_var28_0,num_var28,num_var27,num_var29_0,num_var29,num_var30_0,num_var30,num_var31_0,num_var31,num_var32_0,num_var32,num_var33_0,num_var33,num_var34_0,num_var34,num_var35,num_var37_med_ult2,num_var37_0,num_var37,num_var39_0,num_var40_0,num_var40,num_var41_0,num_var41,num_var39,num_var42_0,num_var42,num_var44_0,num_var44,num_var46_0,num_var46,saldo_var1,saldo_var5,saldo_var6,saldo_var8,saldo_var12,saldo_var13_corto,saldo_var13_largo,saldo_var13_medio,saldo_var13,saldo_var14,saldo_var17,saldo_var18,saldo_var20,saldo_var24,saldo_var26,saldo_var25,saldo_var28,saldo_var27,saldo_var29,saldo_var30,saldo_var31,saldo_var32,saldo_var33,saldo_var34,saldo_var37,saldo_var40,saldo_var41,saldo_var42,saldo_var44,saldo_var46,var36,delta_imp_amort_var18_1y3,delta_imp_amort_var34_1y3,delta_imp_aport_var13_1y3,delta_imp_aport_var17_1y3,delta_imp_aport_var33_1y3,delta_imp_compra_var44_1y3,delta_imp_reemb_var13_1y3,delta_imp_reemb_var17_1y3,delta_imp_reemb_var33_1y3,delta_imp_trasp_var17_in_1y3,delta_imp_trasp_var17_out_1y3,delta_imp_trasp_var33_in_1y3,delta_imp_trasp_var33_out_1y3,delta_imp_venta_var44_1y3,delta_num_aport_var13_1y3,delta_num_aport_var17_1y3,delta_num_aport_var33_1y3,delta_num_compra_var44_1y3,delta_num_reemb_var13_1y3,delta_num_reemb_var17_1y3,delta_num_reemb_var33_1y3,delta_num_trasp_var17_in_1y3,delta_num_trasp_var17_out_1y3,delta_num_trasp_var33_in_1y3,delta_num_trasp_var33_out_1y3,delta_num_venta_var44_1y3,imp_amort_var18_hace3,imp_amort_var18_ult1,imp_amort_var34_hace3,imp_amort_var34_ult1,imp_aport_var13_hace3,imp_aport_var13_ult1,imp_aport_var17_hace3,imp_aport_var17_ult1,imp_aport_var33_hace3,imp_aport_var33_ult1,imp_var7_emit_ult1,imp_var7_recib_ult1,imp_compra_var44_hace3,imp_compra_var44_ult1,imp_reemb_var13_hace3,imp_reemb_var13_ult1,imp_reemb_var17_hace3,imp_reemb_var17_ult1,imp_reemb_var33_hace3,imp_reemb_var33_ult1,imp_var43_emit_ult1,imp_trans_var37_ult1,imp_trasp_var17_in_hace3,imp_trasp_var17_in_ult1,imp_trasp_var17_out_hace3,imp_trasp_var17_out_ult1,imp_trasp_var33_in_hace3,imp_trasp_var33_in_ult1,imp_trasp_var33_out_hace3,imp_trasp_var33_out_ult1,imp_venta_var44_hace3,imp_venta_var44_ult1,ind_var7_emit_ult1,ind_var7_recib_ult1,ind_var10_ult1,ind_var10cte_ult1,ind_var9_cte_ult1,ind_var9_ult1,ind_var43_emit_ult1,ind_var43_recib_ult1,var21,num_var2_0_ult1,num_var2_ult1,num_aport_var13_hace3,num_aport_var13_ult1,num_aport_var17_hace3,num_aport_var17_ult1,num_aport_var33_hace3,num_aport_var33_ult1,num_var7_emit_ult1,num_var7_recib_ult1,num_compra_var44_hace3,num_compra_var44_ult1,num_ent_var16_ult1,num_var22_hace2,num_var22_hace3,num_var22_ult1,num_var22_ult3,num_med_var22_ult3,num_med_var45_ult3,num_meses_var5_ult3,num_meses_var8_ult3,num_meses_var12_ult3,num_meses_var13_corto_ult3,num_meses_var13_largo_ult3,num_meses_var13_medio_ult3,num_meses_var17_ult3,num_meses_var29_ult3,num_meses_var33_ult3,num_meses_var39_vig_ult3,num_meses_var44_ult3,num_op_var39_comer_ult1,num_op_var39_comer_ult3,num_op_var40_comer_ult1,num_op_var40_comer_ult3,num_op_var40_efect_ult1,num_op_var40_efect_ult3,num_op_var41_comer_ult1,num_op_var41_comer_ult3,num_op_var41_efect_ult1,num_op_var41_efect_ult3,num_op_var39_efect_ult1,num_op_var39_efect_ult3,num_reemb_var13_hace3,num_reemb_var13_ult1,num_reemb_var17_hace3,num_reemb_var17_ult1,num_reemb_var33_hace3,num_reemb_var33_ult1,num_sal_var16_ult1,num_var43_emit_ult1,num_var43_recib_ult1,num_trasp_var11_ult1,num_trasp_var17_in_hace3,num_trasp_var17_in_ult1,num_trasp_var17_out_hace3,num_trasp_var17_out_ult1,num_trasp_var33_in_hace3,num_trasp_var33_in_ult1,num_trasp_var33_out_hace3,num_trasp_var33_out_ult1,num_venta_var44_hace3,num_venta_var44_ult1,num_var45_hace2,num_var45_hace3,num_var45_ult1,num_var45_ult3,saldo_var2_ult1,saldo_medio_var5_hace2,saldo_medio_var5_hace3,saldo_medio_var5_ult1,saldo_medio_var5_ult3,saldo_medio_var8_hace2,saldo_medio_var8_hace3,saldo_medio_var8_ult1,saldo_medio_var8_ult3,saldo_medio_var12_hace2,saldo_medio_var12_hace3,saldo_medio_var12_ult1,saldo_medio_var12_ult3,saldo_medio_var13_corto_hace2,saldo_medio_var13_corto_hace3,saldo_medio_var13_corto_ult1,saldo_medio_var13_corto_ult3,saldo_medio_var13_largo_hace2,saldo_medio_var13_largo_hace3,saldo_medio_var13_largo_ult1,saldo_medio_var13_largo_ult3,saldo_medio_var13_medio_hace2,saldo_medio_var13_medio_hace3,saldo_medio_var13_medio_ult1,saldo_medio_var13_medio_ult3,saldo_medio_var17_hace2,saldo_medio_var17_hace3,saldo_medio_var17_ult1,saldo_medio_var17_ult3,saldo_medio_var29_hace2,saldo_medio_var29_hace3,saldo_medio_var29_ult1,saldo_medio_var29_ult3,saldo_medio_var33_hace2,saldo_medio_var33_hace3,saldo_medio_var33_ult1,saldo_medio_var33_ult3,saldo_medio_var44_hace2,saldo_medio_var44_hace3,saldo_medio_var44_ult1,saldo_medio_var44_ult3,var38
,76020,76020,76020,76020,76020,76020,76020,76020,76020,76020,76020,76020,76020,76020,76020,76020,76020,76020,76020,76020,76020,76020,76020,76020,76020,76020,76020,76020,76020,76020,76020,76020,76020,76020,76020,76020,76020,76020,76020,76020,76020,76020,76020,76020,76020,76020,76020,76020,76020,76020,76020,76020,76020,76020,76020,76020,76020,76020,76020,76020,76020,76020,76020,76020,76020,76020,76020,76020,76020,76020,76020,76020,76020,76020,76020,76020,76020,76020,76020,76020,76020,76020,76020,76020,76020,76020,76020,76020,76020,76020,76020,76020,76020,76020,76020,76020,76020,76020,76020,76020,76020,76020,76020,76020,76020,76020,76020,76020,76020,76020,76020,76020,76020,76020,76020,76020,76020,76020,76020,76020,76020,76020,76020,76020,76020,76020,76020,76020,76020,76020,76020,76020,76020,76020,76020,76020,76020,76020,76020,76020,76020,76020,76020,76020,76020,76020,76020,76020,76020,76020,76020,76020,76020,76020,76020,76020,76020,76020,76020,76020,76020,76020,76020,76020,76020,76020,76020,76020,76020,76020,76020,76020,76020,76020,76020,76020,76020,76020,76020,76020,76020,76020,76020,76020,76020,76020,76020,76020,76020,76020,76020,76020,76020,76020,76020,76020,76020,76020,76020,76020,76020,76020,76020,76020,76020,76020,76020,76020,76020,76020,76020,76020,76020,76020,76020,76020,76020,76020,76020,76020,76020,76020,76020,76020,76020,76020,76020,76020,76020,76020,76020,76020,76020,76020,76020,76020,76020,76020,76020,76020,76020,76020,76020,76020,76020,76020,76020,76020,76020,76020,76020,76020,76020,76020,76020,76020,76020,76020,76020,76020,76020,76020,76020,76020,76020,76020,76020,76020,76020,76020,76020,76020,76020,76020,76020,76020,76020,76020,76020,76020,76020,76020,76020,76020,76020,76020,76020,76020,76020,76020,76020,76020,76020,76020,76020,76020,76020,76020,76020,76020,76020,76020,76020,76020,76020,76020,76020,76020,76020,76020,76020,76020,76020,76020,76020,76020,76020,76020,76020,76020,76020,76020,76020,76020,76020,76020,76020,76020,76020,76020,76020,76020,76020,76020,76020,76020,76020,76020,76020,76020,76020,76020,76020,76020,76020,76020,76020,76020,76020,76020,76020,76020,76020,76020,76020,76020,76020,76020,76020,76020,76020,76020,76020,76020,76020,76020,76020,76020,76020,76020
,75964.05072,-1523.199277,33.21286504,86.20826519,72.36306709,119.5296322,3.559129834,6.472697711,0.41294633,0.567352407,3.16071547,68.80393725,113.0569345,68.20514049,113.2250576,137.2427632,68.61808682,113.79241,140.4034787,5.477675612,0.011457511,0.003762168,0,0,0.958024204,0.663759537,0.000105235,2.63E-05,0.032833465,0.028597737,0.067521705,0.045461721,0.052249408,0.042936069,0.041475927,0.010168377,0.009997369,2.63E-05,2.63E-05,0.050855038,0.023651671,0.005301237,0.001802157,0.001446988,2.63E-05,2.63E-05,0.004196264,0.003630624,0.002696659,0.042370429,0.037884767,0.026427256,0.024638253,0.027558537,0.024638253,0.023638516,0.023638516,0,0,0,0,0.000105235,2.63E-05,0.995488029,0.732833465,0.004275191,0.003670087,0.001210208,0.001078664,0.001078664,0.000749803,0.000631413,2.63E-05,2.63E-05,0.072296764,0.065259142,0.065259142,0.880755064,0.011418048,0.003722705,0.879281768,0,0.003722705,0.001881084,0.001696922,0,0,0.03445146,0.011325967,1.079439621,2.894041042,1.999171271,0.000315706,7.89E-05,0.098539858,0.085793212,0.21124704,0.138003157,0.167719021,0.130307814,0.124506709,0.037332281,0.035240726,7.89E-05,7.89E-05,0.159826361,0.072691397,0.016140489,0.011878453,0.008879242,7.89E-05,7.89E-05,0.010891871,0.008089976,0.127663773,0.113772691,0.089384373,0.089384373,0.0851618,0.0851618,0.020244672,0.001026046,0.057024467,0.078295185,1.601144436,0.093922652,2.858839779,4.553906867,1.621389108,0.094948698,2.915864246,4.632202052,0,0,0,0,0.000315706,7.89E-05,3.371862668,2.382872928,0.020126283,0.016061563,0.004222573,0.004222573,0.002565114,0.002091555,7.89E-05,7.89E-05,3.299368587,0.263535912,0.41878453,0.41878453,2.724940805,0.034293607,0.011168114,2.699250197,0,0.011168114,3.204143646,2.217995264,0.005682715,0.005090766,0,0,48.44910695,1028.468235,0.414475138,141.2267841,6021.615901,4993.75297,1493.68227,0.513022889,6487.948263,69.09620047,183.4058966,43.40962904,27.3994558,5925.120245,76.08163339,72.73569258,0,0,0.414475138,13679.67366,292.2909672,3.345940805,12.53233268,0.670876085,36.90719376,4.368601815,0,7191.725395,96.35273796,0,40.44907919,263088.6609,263088.6609,48671402.24,5130228.886,131544.3301,9208103.13,4998684.556,2630886.609,131544.3304,526177.3217,526177.3217,657721.6521,131544.3304,5524861.878,48671402.24,5130228.886,131544.3302,9208103.13,4998684.556,2630886.609,131544.3304,526177.3217,526177.3217,657721.6521,131544.3304,5524861.878,0,0.231189424,0,0.018051302,2823.949089,619.5850099,98.78876914,31.10532281,2.985793212,0.048145225,2.721453828,127.6982099,13.96458051,116.782528,0,46.18024309,0.158210339,12.56940055,0,0.01578532,854.120747,1932.954432,1.874808208,2.512678374,0,1.913616022,2.789772297,0.314701263,0,0.039463299,3.787136938,81.43382794,3.95E-05,0.002696659,0.080873454,0.092159958,0.096869245,0.085911602,0.06658774,0.129308077,32.54932912,0,0,0.075887924,0.017955801,0.001539069,0.003393844,0.001065509,0.000315706,0.00011839,0.010299921,0.001854775,0.00753749,0.187963694,1.298697711,1.184885556,0.560655091,3.044238358,0.635872139,4.024664562,1.979978953,0.053604315,0.102052092,0.098921336,0.017403315,5.26E-05,0.002959747,0.000105235,0.00151276,1.592791371,0.003578006,2.194790845,3.607063931,0.074980268,0.144830308,0.002486188,0.003670087,2.119810576,3.462233623,0.719415943,1.212154696,0.721902131,1.215824783,0,0.001499605,3.95E-05,0.001183899,0,3.95E-05,0.004932912,0.39281768,0.814996054,0.120678769,0.00011839,0.000157853,0,0.000157853,0.00023678,0.00023678,0,3.95E-05,0.000157853,0.00441989,5.393212313,3.894396212,4.363496448,13.65110497,0,1579.135311,891.3658635,1077.256756,1048.856447,68.27545185,9.505286898,124.6209617,110.0265754,3997.023328,613.5344432,5703.008172,4401.002439,3639.419939,556.184178,4852.261814,3857.848542,771.2274491,162.1704388,956.9502072,750.9562731,0.175324388,0,0.513022889,0.344174033,91.17181058,36.4631835,131.0315659,109.2169436,0.213071034,0.001910024,0.253906867,0.186629834,7.935823994,1.365146014,12.21557972,8.784074191,31.50532439,1.85857498,76.02616535,56.61435122,117235.8094
,43781.94738,39033.46236,12.95648582,1614.757313,339.3158309,546.2662941,93.15574871,153.7370656,30.60486377,36.51351321,95.26820437,319.6055162,512.1548226,531.8979172,950.0863979,697.7125961,535.4737496,953.578624,712.7672397,465.3911486,0.106425493,0.061221428,0,0,0.200535177,0.472425391,0.010257961,0.005129183,0.178201701,0.16667415,0.250924994,0.208315922,0.222531029,0.202714341,0.199389563,0.100325038,0.099486441,0.005129183,0.005129183,0.219703068,0.151962406,0.072616822,0.042413833,0.03801201,0.005129183,0.005129183,0.064642946,0.060145571,0.051859639,0.201434132,0.190918808,0.160403225,0.155021049,0.163705274,0.155021049,0.151921165,0.151921165,0,0,0,0,0.010257961,0.005129183,0.067019935,0.442482941,0.065245456,0.060470368,0.034767214,0.032825511,0.032825511,0.027372438,0.025120159,0.005129183,0.005129183,0.258980355,0.246984188,0.246984188,0.324078636,0.106244174,0.060900696,0.325801683,0,0.060900696,0.043330938,0.041159016,0,0,0.320378506,0.184626247,0.909565724,0.656478968,1.43190153,0.030773884,0.01538755,0.534929915,0.50002245,0.890235967,0.637258654,0.745821816,0.618826296,0.598745757,0.404821879,0.381372636,0.01538755,0.01538755,0.713022201,0.610815014,0.224260189,0.362480078,0.288768304,0.01538755,0.01538755,0.180436712,0.155578918,0.608481591,0.573662372,0.62859624,0.62859624,0.612109635,0.612109635,0.897617716,0.180762244,1.827373555,2.558215975,7.322004217,1.215217838,10.88631353,16.89180071,7.389538588,1.228509928,11.11289876,17.17590002,0,0,0,0,0.030773884,0.01538755,1.336653658,1.642786562,0.406623861,0.331608907,0.139702397,0.139702397,0.101456772,0.086338213,0.01538755,0.01538755,2.868216627,1.65027341,2.241140875,2.241140875,1.139158601,0.319284967,0.182702089,1.105296729,0,0.182702089,0.944122809,1.497703344,0.131350138,0.123477048,0,0,10937.47302,9852.140073,83.09679699,2515.656302,48144.71397,32619.13425,20016.48915,113.5975588,38416.75397,2839.618964,22698.12996,10934.96616,2477.810744,48008.52934,739.776626,726.8826688,0,0,83.09679699,63014.07814,23316.39882,126.6801525,797.8395567,141.4485976,472.0988629,113.9687563,0,49145.31388,5218.428365,0,47.36271915,51291831.71,51291831.71,695953654,226443467.8,36269040.57,303310818,223522965.1,162179809.2,36269040.57,72536649.82,72536649.82,81097906.5,36269040.57,234986852.9,695953654,226443467.8,36269040.57,303310818,223522965.1,162179809.2,36269040.57,72536649.82,72536649.82,81097906.5,36269040.57,234986852.9,0,57.3209585,0,4.099461295,25334.46811,11252.99509,22120.71916,2457.091282,226.8629837,6.0226924,554.2494365,6368.996731,1151.510862,13620.44217,0,2859.736591,43.62131914,1093.133883,0,4.352284869,14255.8881,25355.71743,388.2450218,508.9688306,0,357.4053297,323.814261,53.4080846,0,10.88071217,811.9760865,11282.41339,0.006281899,0.051859639,0.27264247,0.289253523,0.295781584,0.280235315,0.249308304,0.335542813,393.8349395,0,0,0.552499139,0.288756547,0.10491919,0.174059456,0.069662862,0.034406611,0.018845698,0.228782265,0.099111304,0.315452689,0.995016369,3.450267512,3.263333168,2.104410084,6.206115855,1.835267013,10.93033369,1.298924004,0.334908301,0.487687359,0.48606398,0.21309476,0.010258366,0.077647949,0.013570314,0.062487035,0.719654609,0.088174398,9.13140566,14.91972566,2.089408332,4.288144677,0.147171516,0.202068261,8.799494284,14.14065033,3.210999275,5.160396258,3.22631442,5.181091549,0,0.06705689,0.010880712,0.098522574,0,0.010880712,0.154948802,2.215853134,3.557659681,1.172148209,0.024329884,0.021760995,0,0.021760995,0.026651316,0.030774593,0,0.010880712,0.026651901,0.264256358,14.49609544,10.41682124,14.40648479,33.30401218,0,12148.4524,9888.597,9614.906985,8189.948852,1733.838226,519.3891569,2205.249804,1935.305713,37773.139,9292.752726,46202.5367,35507.18316,26359.17422,7182.642532,31886.61519,25572.24505,13082.15587,4698.868075,16006.98057,12422.51837,34.62551835,0,113.5975588,73.37651279,15392.47571,8612.395212,14956.52623,13082.15746,41.82044445,0.526626469,52.07877538,31.87941804,455.887218,113.9596373,783.2073989,538.4392105,2013.125393,147.7865842,4040.337842,2852.579397,182664.5985
,1,-999999,5,0,0,0,0,0,0,0,0,0,0,0,0,0,0,0,0,0,0,0,0,0,0,0,0,0,0,0,0,0,0,0,0,0,0,0,0,0,0,0,0,0,0,0,0,0,0,0,0,0,0,0,0,0,0,0,0,0,0,0,0,0,0,0,0,0,0,0,0,0,0,0,0,0,0,0,0,0,0,0,0,0,0,0,0,0,0,0,0,0,0,0,0,0,0,0,0,0,0,0,0,0,0,0,0,0,0,0,0,0,0,0,0,0,0,0,0,0,0,0,0,0,0,0,0,0,0,0,0,0,0,0,0,0,0,0,0,0,0,0,0,0,0,0,0,0,0,0,0,0,0,0,0,0,0,0,0,0,0,0,0,0,-0.9,-2895.72,0,-4942.26,0,0,0,0,0,0,0,0,0,0,0,0,0,0,0,-4942.26,0,0,0,0,0,-0.9,0,-4942.26,0,0,0,0,0,-1,-1,-1,-1,0,-1,0,-1,0,-1,0,-1,-1,-1,-1,-1,0,-1,0,-1,0,-1,0,-1,0,0,0,0,0,0,0,0,0,0,0,0,0,0,0,0,0,0,0,0,0,0,0,0,0,0,0,0,0,0,0,0,0,0,0,0,0,0,0,0,0,0,0,0,0,0,0,0,0,0,0,0,0,0,0,0,0,0,0,0,0,0,0,0,0,0,0,0,0,0,0,0,0,0,0,0,0,0,0,0,0,0,0,0,0,0,0,0,0,0,0,0,0,0,0,0,0,0,0,0,0,0,0,0,0,0,0,0,-128.37,-8.04,-922.38,-476.07,-287.67,0,-3401.34,-1844.52,0,0,0,0,0,0,0,0,0,0,0,0,0,0,0,0,-0.03,0,0,0,0,0,0,0,0,0,0,0,0,0,0,0,5163.75
,38104.75,2,23,0,0,0,0,0,0,0,0,0,0,0,0,0,0,0,0,0,0,0,0,0,1,0,0,0,0,0,0,0,0,0,0,0,0,0,0,0,0,0,0,0,0,0,0,0,0,0,0,0,0,0,0,0,0,0,0,0,0,0,0,1,0,0,0,0,0,0,0,0,0,0,0,0,0,1,0,0,1,0,0,0,0,0,0,0,0,0,3,0,0,0,0,0,0,0,0,0,0,0,0,0,0,0,0,0,0,0,0,0,0,0,0,0,0,0,0,0,0,0,0,0,0,0,0,0,0,0,0,0,0,0,0,0,0,0,3,0,0,0,0,0,0,0,0,0,0,0,0,0,3,0,0,3,0,0,3,0,0,0,0,0,0,0,0,0,0,0,0,0,0,0,0,0,0,0,0,0,0,0,0,0,0,0,0,0,0,0,0,0,0,0,2,0,0,0,0,0,0,0,0,0,0,0,0,0,0,0,0,0,0,0,0,0,0,0,0,0,0,0,0,0,0,0,0,0,0,0,0,0,0,0,0,0,0,0,0,0,0,0,0,0,0,0,0,0,0,0,0,0,0,0,0,0,0,0,0,0,0,0,0,0,0,0,0,0,0,0,0,0,0,0,0,0,0,0,0,0,0,0,0,0,0,0,0,0,0,0,1,0,0,0,0,0,0,0,0,0,0,0,0,0,0,0,0,0,0,0,0,0,0,0,0,0,0,0,0,0,0,0,0,0,0,0,0,0,0,0,0,0,0,0,0,0,0,0,0,0,0,0,0,0,0,0,0,0,0,0,0,0,0,0,0,0,0,0,0,0,0,0,0,0,0,0,0,0,0,67870.6125
,76043,2,28,0,0,0,0,0,0,0,0,0,0,0,0,0,0,0,0,0,0,0,0,0,1,1,0,0,0,0,0,0,0,0,0,0,0,0,0,0,0,0,0,0,0,0,0,0,0,0,0,0,0,0,0,0,0,0,0,0,0,0,0,1,1,0,0,0,0,0,0,0,0,0,0,0,0,1,0,0,1,0,0,0,0,0,0,0,0,1,3,3,0,0,0,0,0,0,0,0,0,0,0,0,0,0,0,0,0,0,0,0,0,0,0,0,0,0,0,0,0,0,0,0,0,0,0,0,0,0,0,0,0,0,0,0,0,0,3,3,0,0,0,0,0,0,0,0,3,0,0,0,3,0,0,3,0,0,3,3,0,0,0,0,0,3,0,0,0,0,0,0,0,0,0,0,0,0,0,0,0,0,0,3,0,0,0,0,0,0,0,3,0,0,3,0,0,0,0,0,0,0,0,0,0,0,0,0,0,0,0,0,0,0,0,0,0,0,0,0,0,0,0,0,0,0,0,0,0,0,0,0,0,0,0,0,0,0,0,0,0,0,0,0,0,0,0,0,0,0,0,0,0,0,0,0,0,0,0,0,0,0,0,0,0,0,0,0,0,0,0,0,0,0,0,0,0,0,0,0,0,3,0,0,0,0,0,0,0,0,2,0,0,0,0,0,0,0,0,0,0,0,0,0,0,0,0,0,0,0,0,0,0,0,0,0,0,0,0,0,0,0,0,0,0,0,0,0,0,3,0.99,3,2.73,0,0,0,0,0,0,0,0,0,0,0,0,0,0,0,0,0,0,0,0,0,0,0,0,0,0,0,0,0,0,0,0,0,0,0,0,106409.16
,113748.75,2,40,0,0,0,0,0,0,0,0,0,0,0,0,0,0,0,0,0,0,0,0,0,1,1,0,0,0,0,0,0,0,0,0,0,0,0,0,0,0,0,0,0,0,0,0,0,0,0,0,0,0,0,0,0,0,0,0,0,0,0,0,1,1,0,0,0,0,0,0,0,0,0,0,0,0,1,0,0,1,0,0,0,0,0,0,0,0,1,3,3,0,0,0,0,0,0,0,0,0,0,0,0,0,0,0,0,0,0,0,0,0,0,0,0,0,0,0,0,0,0,0,0,0,0,0,0,0,0,0,0,0,0,0,0,0,0,3,3,0,0,0,0,0,0,0,0,3,0,0,0,3,0,0,3,0,0,3,3,0,0,0,0,0,90,0,0,0,0,0,0,0,0,0,0,0,0,0,0,0,0,0,235.995,0,0,0,0,0,0,0,120,0,0,99,0,0,0,0,0,0,0,0,0,0,0,0,0,0,0,0,0,0,0,0,0,0,0,0,0,0,0,0,0,0,0,0,0,0,0,0,0,0,0,0,0,0,0,0,0,0,0,0,0,0,0,0,0,0,0,0,0,0,0,0,0,0,0,0,0,0,0,0,0,0,0,0,0,0,0,0,0,0,0,0,0,0,0,3,0,3,3,0,0,0,0,0,0,0,0,2,0,0,0,0,0,0,0,0,0,0,0,0,0,0,0,0,0,0,0,0,0,0,0,0,0,0,0,0,0,0,0,0,0,3,3,3,12,0,90,12.2175,90,83.79,0,0,0,0,0,0,0,0,0,0,0,0,0,0,0,0,0,0,0,0,0,0,0,0,0,0,0,0,0,0,0,0,0,0,0,0,118756.2525
,151838,238,105,210000,12888.03,21024.81,8237.82,11073.57,6600,6600,8237.82,12888.03,16566.81,45990,131100,47598.09,45990,131100,47598.09,105000,1,1,0,0,1,1,1,1,1,1,1,1,1,1,1,1,1,1,1,1,1,1,1,1,1,1,1,1,1,1,1,1,1,1,1,1,1,0,0,0,0,1,1,1,1,1,1,1,1,1,1,1,1,1,1,1,1,1,1,1,1,0,1,1,1,0,0,6,6,7,15,15,3,3,6,3,111,15,18,6,6,18,18,3,3,18,111,12,36,27,3,3,3,3,9,6,33,33,33,33,117,48,234,351,249,81,468,468,249,81,468,468,0,0,0,0,3,3,114,33,36,27,12,12,12,6,3,3,36,105,114,114,33,6,3,33,0,3,114,18,6,3,0,0,3000000,619329.15,19531.8,240045,3008077.32,450000,1500000,30000,1500000,450000,6119500.14,3000000,455858.16,3008077.32,69756.72,69756.72,0,0,19531.8,3458077.32,6119500.14,12210.78,142078.8,36000,60000,8192.61,0,3008077.32,740006.61,0,99,9999999999,9999999999,9999999999,9999999999,9999999999,9999999999,9999999999,9999999999,9999999999,9999999999,9999999999,9999999999,9999999999,9999999999,9999999999,9999999999,9999999999,9999999999,9999999999,9999999999,9999999999,9999999999,9999999999,9999999999,9999999999,9999999999,0,15691.8,0,1096.02,840000,450000,6083691.87,432457.32,36000,1260,145384.92,1039260,210001.35,3410058.66,0,450000,12027.15,182132.97,0,1200,1155003,2310003,96781.44,133730.58,0,69622.29,49581.27,13207.32,0,3000,209834.4,2754476.46,1,1,1,1,1,1,1,1,30000,0,0,24,30,12,21,12,6,3,24,9,39,60,123,108,96,234,78,267,3,3,3,3,3,2,3,2,3,3,3,438,600,210,582,24,24,438,438,90,156,90,156,0,3,3,21,0,3,15,180,264,93,6,3,0,3,3,6,0,3,6,39,342,339,510,801,0,812137.26,1542339.36,601428.6,544365.57,231351.99,77586.21,228031.8,177582,3000538.14,668335.32,3004185.6,2272859.43,450000,304838.7,450000,450000,840000,534000,1500000,1034482.74,7741.95,0,30000,18870.99,4210084.23,2368558.95,3998687.46,3525776.88,10430.01,145.2,13793.67,7331.34,50003.88,20385.72,138831.63,91778.73,438329.22,24650.01,681462.9,397884.3,22034738.76
,,,,,,,,,,,,,,,,,,,,,,,,,,,,,,,,,,,,,,,,,,,,,,,,,,,,,,,,,,,,,,,,,,,,,,,,,,,,,,,,,,,,,,,,,,,,,,,,,,,,,,,,,,,,,,,,,,,,,,,,,,,,,,,,,,,,,,,,,,,,,,,,,,,,,,,,,,,,,,,,,,,,,,,,,,,,,,,,,,,,,,,,,,,,,,,,,,,,,,,,,,,,,,,,,,,,,,,,,,,,,,,,,,,,,,,,,,,,,,,,,,,,,,,,,,,,,,,,,,,,,,,,,,,,,,,,,,,,,,,,,,,,,,,,,,,,,,,,,,,,,,,,,,,,,,,,,,,,,,,,,,,,,,,,,,,,,,,,,,,,,,,,,,,,,,,,,,,,,,,,,,,,,,,,,,
,,,,,,,,,,,,,,,,,,,,,,,,,,,,,,,,,,,,,,,,,,,,,,,,,,,,,,,,,,,,,,,,,,,,,,,,,,,,,,,,,,,,,,,,,,,,,,,,,,,,,,,,,,,,,,,,,,,,,,,,,,,,,,,,,,,,,,,,,,,,,,,,,,,,,,,,,,,,,,,,,,,,,,,,,,,,,,,,,,,,,,,,,,,,,,,,,,,,,,,,,,,,,,,,,,,,,,,,,,,,,,,,,,,,,,,,,,,,,,,,,,,,,,,,,,,,,,,,,,,,,,,,,,,,,,,,,,,,,,,,,,,,,,,,,,,,,,,,,,,,,,,,,,,,,,,,,,,,,,,,,,,,,,,,,,,,,,,,,,,,,,,,,,,,,,,,,,,,,,,,,,,,,,,,,,
,,,,,,,,,,,,,,,,,,,,,,,,,,,,,,,,,,,,,,,,,,,,,,,,,,,,,,,,,,,,,,,,,,,,,,,,,,,,,,,,,,,,,,,,,,,,,,,,,,,,,,,,,,,,,,,,,,,,,,,,,,,,,,,,,,,,,,,,,,,,,,,,,,,,,,,,,,,,,,,,,,,,,,,,,,,,,,,,,,,,,,,,,,,,,,,,,,,,,,,,,,,,,,,,,,,,,,,,,,,,,,,,,,,,,,,,,,,,,,,,,,,,,,,,,,,,,,,,,,,,,,,,,,,,,,,,,,,,,,,,,,,,,,,,,,,,,,,,,,,,,,,,,,,,,,,,,,,,,,,,,,,,,,,,,,,,,,,,,,,,,,,,,,,,,,,,,,,,,,,,,,,,,,,,,,
,,,,,,,,,,,,,,,,,,,,,,,,,,,,,,,,,,,,,,,,,,,,,,,,,,,,,,,,,,,,,,,,,,,,,,,,,,,,,,,,,,,,,,,,,,,,,,,,,,,,,,,,,,,,,,,,,,,,,,,,,,,,,,,,,,,,,,,,,,,,,,,,,,,,,,,,,,,,,,,,,,,,,,,,,,,,,,,,,,,,,,,,,,,,,,,,,,,,,,,,,,,,,,,,,,,,,,,,,,,,,,,,,,,,,,,,,,,,,,,,,,,,,,,,,,,,,,,,,,,,,,,,,,,,,,,,,,,,,,,,,,,,,,,,,,,,,,,,,,,,,,,,,,,,,,,,,,,,,,,,,,,,,,,,,,,,,,,,,,,,,,,,,,,,,,,,,,,,,,,,,,,,,,,,,,
,ID,var3,var15,num_var45_hace3,num_var45_ult1,num_var45_ult3,saldo_var2_ult1,saldo_medio_var5_hace2,saldo_medio_var5_hace3,saldo_medio_var5_ult1,var38,,,,,,,,,,,,,,,,,,,,,,,,,,,,,,,,,,,,,,,,,,,,,,,,,,,,,,,,,,,,,,,,,,,,,,,,,,,,,,,,,,,,,,,,,,,,,,,,,,,,,,,,,,,,,,,,,,,,,,,,,,,,,,,,,,,,,,,,,,,,,,,,,,,,,,,,,,,,,,,,,,,,,,,,,,,,,,,,,,,,,,,,,,,,,,,,,,,,,,,,,,,,,,,,,,,,,,,,,,,,,,,,,,,,,,,,,,,,,,,,,,,,,,,,,,,,,,,,,,,,,,,,,,,,,,,,,,,,,,,,,,,,,,,,,,,,,,,,,,,,,,,,,,,,,,,,,,,,,,,,,,,,,,,,,,,,,,,,,,,,,,,,,,,,,,,,,,,,,,,
count,76020,76020,76020,76020,76020,76020,76020,76020,76020,76020,76020,,,,,,,,,,,,,,,,,,,,,,,,,,,,,,,,,,,,,,,,,,,,,,,,,,,,,,,,,,,,,,,,,,,,,,,,,,,,,,,,,,,,,,,,,,,,,,,,,,,,,,,,,,,,,,,,,,,,,,,,,,,,,,,,,,,,,,,,,,,,,,,,,,,,,,,,,,,,,,,,,,,,,,,,,,,,,,,,,,,,,,,,,,,,,,,,,,,,,,,,,,,,,,,,,,,,,,,,,,,,,,,,,,,,,,,,,,,,,,,,,,,,,,,,,,,,,,,,,,,,,,,,,,,,,,,,,,,,,,,,,,,,,,,,,,,,,,,,,,,,,,,,,,,,,,,,,,,,,,,,,,,,,,,,,,,,,,,,,,,,,,,,,,,,,,,,,,,,,,,
mean,75964.05072,-1523.199277,33.21286504,3.894396212,4.363496448,13.65110497,0,1579.135311,891.3658635,1077.256756,117235.8094,,,,,,,,,,,,,,,,,,,,,,,,,,,,,,,,,,,,,,,,,,,,,,,,,,,,,,,,,,,,,,,,,,,,,,,,,,,,,,,,,,,,,,,,,,,,,,,,,,,,,,,,,,,,,,,,,,,,,,,,,,,,,,,,,,,,,,,,,,,,,,,,,,,,,,,,,,,,,,,,,,,,,,,,,,,,,,,,,,,,,,,,,,,,,,,,,,,,,,,,,,,,,,,,,,,,,,,,,,,,,,,,,,,,,,,,,,,,,,,,,,,,,,,,,,,,,,,,,,,,,,,,,,,,,,,,,,,,,,,,,,,,,,,,,,,,,,,,,,,,,,,,,,,,,,,,,,,,,,,,,,,,,,,,,,,,,,,,,,,,,,,,,,,,,,,,,,,,,,,
std,43781.94738,39033.46236,12.95648582,10.41682124,14.40648479,33.30401218,0,12148.4524,9888.597,9614.906985,182664.5985,,,,,,,,,,,,,,,,,,,,,,,,,,,,,,,,,,,,,,,,,,,,,,,,,,,,,,,,,,,,,,,,,,,,,,,,,,,,,,,,,,,,,,,,,,,,,,,,,,,,,,,,,,,,,,,,,,,,,,,,,,,,,,,,,,,,,,,,,,,,,,,,,,,,,,,,,,,,,,,,,,,,,,,,,,,,,,,,,,,,,,,,,,,,,,,,,,,,,,,,,,,,,,,,,,,,,,,,,,,,,,,,,,,,,,,,,,,,,,,,,,,,,,,,,,,,,,,,,,,,,,,,,,,,,,,,,,,,,,,,,,,,,,,,,,,,,,,,,,,,,,,,,,,,,,,,,,,,,,,,,,,,,,,,,,,,,,,,,,,,,,,,,,,,,,,,,,,,,,,
min,1,-999999,5,0,0,0,0,-128.37,-8.04,-922.38,5163.75,,,,,,,,,,,,,,,,,,,,,,,,,,,,,,,,,,,,,,,,,,,,,,,,,,,,,,,,,,,,,,,,,,,,,,,,,,,,,,,,,,,,,,,,,,,,,,,,,,,,,,,,,,,,,,,,,,,,,,,,,,,,,,,,,,,,,,,,,,,,,,,,,,,,,,,,,,,,,,,,,,,,,,,,,,,,,,,,,,,,,,,,,,,,,,,,,,,,,,,,,,,,,,,,,,,,,,,,,,,,,,,,,,,,,,,,,,,,,,,,,,,,,,,,,,,,,,,,,,,,,,,,,,,,,,,,,,,,,,,,,,,,,,,,,,,,,,,,,,,,,,,,,,,,,,,,,,,,,,,,,,,,,,,,,,,,,,,,,,,,,,,,,,,,,,,,,,,,,,,
25%,38104.75,2,23,0,0,0,0,0,0,0,67870.6125,,,,,,,,,,,,,,,,,,,,,,,,,,,,,,,,,,,,,,,,,,,,,,,,,,,,,,,,,,,,,,,,,,,,,,,,,,,,,,,,,,,,,,,,,,,,,,,,,,,,,,,,,,,,,,,,,,,,,,,,,,,,,,,,,,,,,,,,,,,,,,,,,,,,,,,,,,,,,,,,,,,,,,,,,,,,,,,,,,,,,,,,,,,,,,,,,,,,,,,,,,,,,,,,,,,,,,,,,,,,,,,,,,,,,,,,,,,,,,,,,,,,,,,,,,,,,,,,,,,,,,,,,,,,,,,,,,,,,,,,,,,,,,,,,,,,,,,,,,,,,,,,,,,,,,,,,,,,,,,,,,,,,,,,,,,,,,,,,,,,,,,,,,,,,,,,,,,,,,,
50%,76043,2,28,0,0,0,0,3,0.99,3,106409.16,,,,,,,,,,,,,,,,,,,,,,,,,,,,,,,,,,,,,,,,,,,,,,,,,,,,,,,,,,,,,,,,,,,,,,,,,,,,,,,,,,,,,,,,,,,,,,,,,,,,,,,,,,,,,,,,,,,,,,,,,,,,,,,,,,,,,,,,,,,,,,,,,,,,,,,,,,,,,,,,,,,,,,,,,,,,,,,,,,,,,,,,,,,,,,,,,,,,,,,,,,,,,,,,,,,,,,,,,,,,,,,,,,,,,,,,,,,,,,,,,,,,,,,,,,,,,,,,,,,,,,,,,,,,,,,,,,,,,,,,,,,,,,,,,,,,,,,,,,,,,,,,,,,,,,,,,,,,,,,,,,,,,,,,,,,,,,,,,,,,,,,,,,,,,,,,,,,,,,,
75%,113748.75,2,40,3,3,12,0,90,12.2175,90,118756.2525,,,,,,,,,,,,,,,,,,,,,,,,,,,,,,,,,,,,,,,,,,,,,,,,,,,,,,,,,,,,,,,,,,,,,,,,,,,,,,,,,,,,,,,,,,,,,,,,,,,,,,,,,,,,,,,,,,,,,,,,,,,,,,,,,,,,,,,,,,,,,,,,,,,,,,,,,,,,,,,,,,,,,,,,,,,,,,,,,,,,,,,,,,,,,,,,,,,,,,,,,,,,,,,,,,,,,,,,,,,,,,,,,,,,,,,,,,,,,,,,,,,,,,,,,,,,,,,,,,,,,,,,,,,,,,,,,,,,,,,,,,,,,,,,,,,,,,,,,,,,,,,,,,,,,,,,,,,,,,,,,,,,,,,,,,,,,,,,,,,,,,,,,,,,,,,,,,,,,,,
max,151838,238,105,339,510,801,0,812137.26,1542339.36,601428.6,22034738.76,,,,,,,,,,,,,,,,,,,,,,,,,,,,,,,,,,,,,,,,,,,,,,,,,,,,,,,,,,,,,,,,,,,,,,,,,,,,,,,,,,,,,,,,,,,,,,,,,,,,,,,,,,,,,,,,,,,,,,,,,,,,,,,,,,,,,,,,,,,,,,,,,,,,,,,,,,,,,,,,,,,,,,,,,,,,,,,,,,,,,,,,,,,,,,,,,,,,,,,,,,,,,,,,,,,,,,,,,,,,,,,,,,,,,,,,,,,,,,,,,,,,,,,,,,,,,,,,,,,,,,,,,,,,,,,,,,,,,,,,,,,,,,,,,,,,,,,,,,,,,,,,,,,,,,,,,,,,,,,,,,,,,,,,,,,,,,,,,,,,,,,,,,,,,,,,,,,,,,,